Segment,Priority,Description,Characteristics,Action_1,Action_2,Action_3,Action_4,Action_5
Champions,HIGHEST,"Best customers with high RFM scores. Recently active, frequent buyers with high spending.","Loyal, engaged, high-value customers who buy often and recently.",🎁 Reward them: Exclusive early access to new products and sales,💎 VIP treatment: Premium customer service and personalized offers,🤝 Referral program: Encourage them to bring in new customers,📧 Keep engaged: Regular communication with relevant product recommendations,🎯 Upsell/Cross-sell: Premium products and complementary items
Loyal Customers,HIGH,Frequent buyers with consistent purchase history and good spending levels.,Regular customers who buy frequently but may not be the highest spenders.,⭐ Loyalty program: Points-based rewards for continued purchases,🎉 Appreciation campaigns: Thank you offers and birthday discounts,📈 Upgrade path: Incentivize them to become Champions with targeted offers,🎁 Bundle deals: Encourage higher spending with product bundles,💬 Feedback loop: Seek reviews and testimonials
Potential Loyalists,HIGH,Recent customers showing promising signs of becoming loyal.,"Recent buyers with moderate frequency and spending, good growth potential.",🚀 Onboarding program: Guide them through product catalog,💰 Incentive offers: Discounts on next purchase to encourage frequency,📱 Engagement: Push notifications and personalized emails,🎯 Category expansion: Recommend products from different categories,⏰ Time-sensitive offers: Create urgency to increase frequency
Recent Customers,MEDIUM,New or returning customers who recently made purchases.,Recently active but low frequency and spending so far.,👋 Welcome series: Introduce brand value and product range,🎁 First-time buyer incentives: Discount on second purchase,📚 Educational content: Product guides and usage tips,🔄 Follow-up: Post-purchase engagement within first 30 days,🛍️ Cross-category promotion: Encourage exploration
Promising,MEDIUM,Mid-level customers with balanced RFM scores and growth opportunity.,"Moderate recency, frequency, and spending. Stable but not exceptional.",📊 Segmented offers: Targeted promotions based on purchase history,🎯 Re-engagement: Campaigns to increase frequency,💳 Payment incentives: Cashback or installment options for higher spending,🎪 Event-based marketing: Festival and seasonal offers,🔍 Product recommendations: AI-driven personalization
Need Attention,MEDIUM-HIGH,Previously good customers who haven't purchased recently.,Low recency but good frequency and monetary history.,"⚠️ Win-back campaigns: ""We miss you"" emails with special offers",🎁 Exclusive discounts: Time-limited offers to drive immediate action,📞 Direct outreach: Personalized communication (email/SMS),🔄 Product updates: Showcase new arrivals in their interest areas,❓ Survey: Understand why they stopped buying
At Risk,HIGH,Previously frequent buyers who are showing signs of churning.,"Low recency, but historically good frequency. Danger of losing them.",🚨 Urgent win-back: Aggressive discounts and offers,🎯 Personalized outreach: Address specific concerns,💰 High-value incentives: Significant discounts or free shipping,🔍 Competitive analysis: Understand why they might be switching,⏳ Last chance campaigns: Create urgency
Can't Lose Them,CRITICAL,High-value customers who haven't purchased in a while. Critical to retain.,Low recency but high monetary value. Previously great customers.,🆘 VIP win-back: Premium offers and exclusive access,📞 Personal contact: Direct phone call or email from management,🎁 High-value incentives: Best possible offers to re-engage,🤝 Relationship building: Understand and address their concerns,💎 Premium service: Showcase improved services and products
Hibernating,LOW,Inactive customers with low engagement across all metrics.,Low recency and frequency. Minimal historical engagement.,💤 Re-activation: Strong promotional offers,🎯 Broad campaigns: Include in mass marketing efforts,🔄 Brand refresh: Highlight changes and improvements,📧 Cost-effective channels: Email and SMS with low investment,"🗑️ Consider pruning: If no response, remove from active marketing"
Lost,LOW,Customers who have likely churned completely.,Very low recency (longest time since purchase). Minimal engagement.,🔄 Final attempt: One last aggressive win-back campaign,📋 Exit survey: Understand reasons for leaving,💰 Extremely high discounts: 40-50% off or free shipping,🗂️ Archive: Move to inactive list if no response,📊 Learn: Analyze patterns to prevent future churn
Others,LOW-MEDIUM,Customers who don't fit clearly into other segments.,Mixed RFM patterns that need further analysis.,🔍 Further segmentation: Deep dive into behavioral patterns,📊 A/B testing: Experiment with different approaches,🎯 General campaigns: Include in broad marketing initiatives,📈 Monitor: Track behavior to classify into specific segments,🔄 Regular review: Re-evaluate segment assignment monthly
